Feature,Importance
date_month_cumulative_lag_3,0.03591947195240033
bio_age_5_17_cumulative_lag_6,0.029418998939805582
bio_age_5_17_ratio_cumulative_lag_12,0.027137183123890657
date_day_ratio_cumulative_lag_6,0.02578643503631556
date_day_cumulative_ema,0.0254098911531278
date_day_ratio_cumulative,0.025331722510670812
date_day_ratio_cumulative_ema,0.024198422645373988
date_quarter_ratio_cumulative_lag_6,0.020883560553332275
date_day_cumulative_lag_3,0.01920065537656411
date_week_cumulative_ema,0.018933724732211513
date_week_ratio_cumulative_lag_3,0.018572790365785876
state_record_count_ratio_cumulative_lag_6,0.018571591192859498
district_record_count_ratio_cumulative_ema,0.017784670276183003
date_year_ratio_cumulative_lag_3,0.01762578438445757
state_rank_ratio_cumulative_lag_12,0.017419500487126875
date_week_ratio_cumulative_lag_6,0.016724769741601416
pincode_ratio_cumulative_ema,0.01652729570629462
date_day_cumulative_lag_12,0.016442474706452503
pincode_ratio_cumulative_lag_1,0.016317456877323534
date_day_cumulative_lag_6,0.015995867976065243
district_record_count_cumulative_lag_1,0.015915129807461
bio_age_5_17_ratio_cumulative_lag_3,0.015480696900757072
bio_age_5_17_cumulative_ema,0.015330599759034655
date_week_ratio_cumulative_lag_1,0.014601135441271207
date_quarter_cumulative,0.014326807341576655
date_week_ratio_cumulative,0.014173904867633971
bio_age_5_17_cumulative_lag_12,0.01382064200574259
pincode_ratio_cumulative_lag_3,0.013726788575938871
district_record_count_cumulative_lag_6,0.013708593016603767
district_record_count_cumulative_lag_12,0.01362988410744406
state_record_count_cumulative,0.013582861489772361
bio_age_17__ratio_cumulative_lag_6,0.01353452776732786
bio_age_5_17_ratio_cumulative_lag_6,0.013197520806212015
state_rank_cumulative,0.013147958453352957
date_year_cumulative_ema,0.013046308270140188
average_activity,0.012911654219113706
state_rank_ratio_cumulative_lag_6,0.012825429601044712
date_week_cumulative_lag_6,0.012625929488803167
date_year_ratio_cumulative_lag_1,0.01235969537227384
date_month_cumulative_ema,0.01216447358975794
date_month_ratio_cumulative_lag_12,0.012055519341806138
date_quarter_ratio_cumulative_lag_12,0.012022827368106462
bio_age_17__ratio_cumulative,0.011950451421208784
bio_age_17__ratio_cumulative_lag_1,0.008756563592063324
state_rank_cumulative_lag_3,0.008019599451085319
state_record_count_ratio_cumulative_ema,0.007698512048744591
date_dayofweek,0.007313642622025895
state_rank_cumulative_ema,0.007312829571718134
date_year_ratio_cumulative_ema,0.0069365170210804435
date_year_cumulative_lag_1,0.0066144865500094045
bio_age_5_17_ratio_cumulative,0.006551193781488701
state_rank_cumulative_lag_12,0.00643398588402664
bio_age_17__ratio_cumulative_lag_3,0.006311461225433479
district_record_count_cumulative,0.005722748155243652
pincode_ratio_cumulative,0.00569874732851888
date_year_cumulative_lag_6,0.005318206180874276
state_record_count_cumulative_lag_3,0.0052349488477169345
date_week_ratio_cumulative_ema,0.005054079366146244
date_quarter_cumulative_ema,0.00500891667788149
pincode_ratio_cumulative_lag_6,0.0049071254285589835
state_record_count_cumulative_lag_6,0.004728077142359097
bio_age_17__ratio_cumulative_lag_12,0.00471157307323411
maximum_activity,0.004523984919980183
date_month_ratio_cumulative_lag_1,0.004392061293366037
date_year_ratio_cumulative,0.004367269226021816
state_record_count_ratio_cumulative_lag_1,0.0042071211969074256
date_day_ratio_cumulative_lag_3,0.004168857394265577
state_record_count_cumulative_lag_1,0.003888092781510429
date_quarter_ratio_cumulative,0.0038138213299540487
date_quarter_cumulative_lag_6,0.0038042486332018955
district_record_count_ratio_cumulative_lag_3,0.0037822036887817955
date_month_cumulative_lag_1,0.003732471798433659
pincode_cumulative,0.0035959370468361413
date_year_cumulative_lag_3,0.0035148466800233196
date_quarter_ratio_cumulative_lag_3,0.0034729889160673016
district_record_count_ratio_cumulative_lag_12,0.003353462211778263
bio_age_17__cumulative,0.003215582837536471
bio_age_17__cumulative_lag_6,0.0031579014829855984
date_week_cumulative_lag_1,0.0030044506857372032
pincode_cumulative_lag_6,0.002949269706737827
district_record_count_cumulative_ema,0.00284915783879828
date_month_ratio_cumulative_ema,0.0027777720875769617
state_rank_ratio_cumulative_ema,0.0027200045239947103
state_record_count_ratio_cumulative,0.0026822440198671247
state_record_count_ratio_cumulative_lag_12,0.002568219773179634
bio_age_5_17_ratio_cumulative_ema,0.0025680483524761297
district_record_count_ratio_cumulative,0.002338292443138537
date_week_cumulative_lag_3,0.002322024910625321
bio_age_17__ratio_cumulative_ema,0.002233007245106969
date_day_ratio_cumulative_lag_12,0.0022047950062556525
bio_age_5_17_ratio_cumulative_lag_1,0.0020753164893104895
district_record_count_ratio_cumulative_lag_6,0.002034874480272467
date_month_ratio_cumulative,0.002020591071506528
state_rank_ratio_cumulative_lag_3,0.0019635407358406347
date_day_cumulative_lag_1,0.0019506751771226371
pincode_cumulative_ema,0.0015655530671796524
date_year_ratio_cumulative_lag_6,0.0015612921863368953
state_record_count_cumulative_ema,0.0015502530104904541
district_record_count_ratio_cumulative_lag_1,0.001548150544127338
state_rank_ratio_cumulative,0.001504004694972857
date_quarter_cumulative_lag_1,0.001440042807922653
bio_age_5_17_cumulative,0.0013464385680868201
bio_age_17__cumulative_lag_1,0.001317498432535231
total_activity,0.0012716869201037698
date_year_cumulative_lag_12,0.0012219216498213354
date_quarter_ratio_cumulative_ema,0.001207656389706084
pincode_cumulative_lag_1,0.001204141033042494
state_record_count_cumulative_lag_12,0.001029463451493574
bio_age_17__cumulative_lag_3,0.0010115678201310908
date_year_ratio_cumulative_lag_12,0.0010002624294973604
date_day_cumulative,0.0009540269520895016
state_rank_cumulative_lag_6,0.0009332247420071743
district_record_count_cumulative_lag_3,0.0008220973473591413
bio_age_17__cumulative_ema,0.0008143246351290491
state_rank_ratio_cumulative_lag_1,0.0007784454183782038
date_day_ratio_cumulative_lag_1,0.0007549103168763169
date_quarter_lag_1,0.0007405686306087727
date_quarter_rolling_mean_ema,0.000736402363448866
date_quarter_ratio_cumulative_lag_1,0.0007042696889138878
state_record_count_ratio_cumulative_lag_3,0.0007025833927109904
pincode_ratio_cumulative_lag_12,0.0006956386987464793
pincode_cumulative_lag_12,0.0006943485746986021
date_week_cumulative_lag_12,0.0006487991087298557
date_day_ratio_rolling_mean_ema,0.00063419737709217
bio_age_5_17_rolling_std_lag_3,0.000632716711058934
date_month_cumulative_lag_12,0.0006001935418093563
bio_age_5_17_cumulative_lag_3,0.0005823913373859134
date_year_cumulative,0.0005791042541269857
state_rank_ratio_rolling_std_ema,0.0005729548801674745
date_month_cumulative_lag_6,0.0005651927537095563
state_rank_ratio_ema,0.0005405477849469823
date_month_ratio_cumulative_lag_3,0.0004911143602019613
pincode_cumulative_lag_3,0.000474311561689788
pincode_rolling_mean_lag_3,0.0004714442923729182
bio_age_17__cumulative_lag_12,0.0004678186884157387
date_day_rolling_mean,0.00039816180916669335
state_record_count_ratio_rolling_std_lag_12,0.0003493043238258332
date_day_ratio_rolling_mean,0.00034160148167236505
date_month_rolling_mean_lag_12,0.0003395443258858412
state_record_count_ratio_rolling_std_lag_3,0.00033189475063489805
date_quarter_cumulative_lag_3,0.00032357731645017566
state_rank_rolling_mean_lag_3,0.0002997226821085937
bio_age_17__ema,0.0002945812438734316
date_week_cumulative,0.0002676955503956942
district_rank_lag_3,0.0002621785600434445
state_rank_ratio_rolling_mean,0.0002422760983090911
date_week_rolling_mean_lag_12,0.00022204278868978553
bio_age_5_17_ratio_rolling_std_ema,0.00021701919842312693
date_month_cumulative,0.00020213887149985157
state_rank_cumulative_lag_1,0.00019990099779400698
bio_age_5_17_rolling_mean_lag_3,0.00018827795645466199
date_month_lag_12,0.0001722385828327371
state_record_count_rolling_mean,0.00016433882234297284
date_month_ratio_rolling_mean_lag_3,0.00015647285299216684
date_quarter_ratio_rolling_mean_lag_12,0.000151703999149644
date_quarter_ratio,0.00014874268773024842
date_week_ema,0.0001472017875741296
date_week_rolling_mean_lag_6,0.00013960947522326367
date_quarter_ema,0.0001391651701593606
pincode_lag_12,0.000134860312860171
date_week_lag_12,0.0001230408359771067
date_month_ema,0.00011903184905782149
date_week_rolling_mean_ema,0.00011520544122387186
date_year_ratio_lag_6,0.00011065323670393714
bio_age_5_17_rolling_std_lag_12,0.00010866330302770761
date_week_ratio_cumulative_lag_12,0.0001084382345531807
date_day_ratio_rolling_mean_lag_6,0.00010615792067418784
date_month_rolling_mean_ema,0.00010538156045287137
pincode_lag_3,0.000100780152601114
date_month_ratio_cumulative_lag_6,9.490967296951503e-05
pincode_ratio_rolling_std_lag_6,9.398854653284785e-05
date_quarter_cumulative_lag_12,9.026569718429158e-05
state_rank_rolling_std_lag_6,8.745586546834694e-05
state_rank_ratio,7.65243247205303e-05
state_rank_ratio_lag_6,7.08964062504077e-05
pincode_rolling_std_lag_12,6.975337156159019e-05
bio_age_17__rolling_mean,6.34154971744117e-05
pincode_ratio_lag_12,5.2574814596886346e-05
bio_age_17__rolling_std_lag_6,4.9042045992340215e-05
bio_age_17__ratio_ema,4.8718626171698175e-05
date_year_ratio_rolling_mean_lag_3,4.660886924670913e-05
bio_age_5_17_ratio_lag_3,3.907269586503488e-05
date_day_ratio_rolling_mean_lag_1,3.898623260061317e-05
bio_age_5_17_cumulative_lag_1,3.477548785393855e-05
state_record_count_lag_6,3.1802464411356124e-05
pincode_rolling_std_lag_1,3.0480723375353046e-05
state_rank_ema,2.9768829304617383e-05
state_record_count_ratio_rolling_mean_lag_12,2.9232577868354456e-05
bio_age_5_17_ratio_lag_1,2.744366617587293e-05
bio_age_17__ratio_rolling_mean_lag_3,2.705260158538151e-05
state_record_count_rolling_std,2.5803455825424657e-05
state_rank_rolling_mean,2.4827851590664435e-05
date_month_ratio_rolling_mean,2.4160992581479637e-05
bio_age_17__ratio_rolling_mean_lag_6,2.4031497400336028e-05
date_month_ratio_lag_3,2.36752835642822e-05
date_week_ratio_rolling_std,2.2258316872238836e-05
pincode_lag_1,2.2115962938638035e-05
district_rank_ema,1.9237420246948723e-05
district_record_count_lag_1,1.8566200032729325e-05
pincode_ratio_ema,1.773125501357222e-05
date_day_ratio_ema,1.607900417286552e-05
state_record_count_ratio_rolling_mean_ema,1.3729949864896042e-05
state_record_count_ratio,1.2877015525476565e-05
date_month_ratio_rolling_mean_lag_12,1.1288187951725277e-05
district_record_count_rolling_std_lag_6,1.1157657036727566e-05
state_rank_rolling_mean_ema,1.0780523133598479e-05
bio_age_5_17,1.0651413549975736e-05
district_record_count_ratio_rolling_mean_lag_3,1.052508015457522e-05
date_month_ratio_rolling_mean_ema,1.0369612960039835e-05
pincode_ratio_lag_3,1.0060217599551229e-05
state_record_count_rolling_mean_ema,9.444224559109675e-06
district_record_count_rolling_mean_lag_12,9.170273961685688e-06
pincode_ratio_rolling_mean,8.814756628875025e-06
pincode_ema,8.727816074032872e-06
pincode,7.774587285407619e-06
pincode_ratio_rolling_mean_ema,7.304580063360114e-06
state_record_count_ema,6.976575153940098e-06
district_record_count_ratio_lag_1,6.729143961977564e-06
state_rank_ratio_rolling_mean_lag_6,6.346861912923049e-06
date_day_ratio,6.220547051830748e-06
pincode_ratio_rolling_mean_lag_3,6.175455683707508e-06
pincode_ratio_lag_1,5.9530951038932525e-06
bio_age_5_17_lag_3,5.860982433700003e-06
state_rank_ratio_rolling_mean_lag_12,5.4684026687698275e-06
district_record_count_ratio_rolling_mean_lag_1,5.245527649068318e-06
pincode_rolling_mean_lag_12,5.133151276689834e-06
district_record_count,5.011020663035123e-06
district_record_count_rolling_std_ema,4.9839149627196965e-06
state_record_count_ratio_rolling_std,4.861511528559635e-06
date_month_rolling_mean_lag_3,4.827384478919944e-06
date_month_ratio_rolling_std_lag_6,4.7172363278807725e-06
bio_age_5_17_rolling_std_ema,4.3956300347830966e-06
bio_age_5_17_rolling_mean_lag_1,4.394714100936029e-06
date_week_ratio_rolling_std_lag_6,4.22529586161546e-06
district_record_count_rolling_mean_lag_6,4.1618278108136145e-06
district_record_count_ratio,3.97023669333666e-06
state_record_count_ratio_lag_12,3.855416109564155e-06
district_record_count_ratio_rolling_std_lag_6,3.762542733327274e-06
state_rank_ratio_lag_12,3.7474291675468618e-06
pincode_ratio,3.6678637137802415e-06
state_rank_ratio_rolling_std_lag_12,3.6163685463678984e-06
date_day_ratio_rolling_mean_lag_12,3.546973758093049e-06
bio_age_5_17_rolling_std_lag_6,3.49734565491831e-06
date_day_ratio_lag_12,3.4063168964078233e-06
pincode_rolling_mean_lag_6,3.402255669941803e-06
date_quarter_ratio_rolling_std_lag_6,3.324037406550584e-06
date_quarter_ratio_rolling_std_ema,3.225895939305544e-06
bio_age_17__ratio_rolling_std_lag_3,3.139067510668866e-06
date_year_ratio_rolling_std_lag_6,3.1267746260804914e-06
state_rank_ratio_lag_1,3.069463281753507e-06
district_record_count_ratio_rolling_mean,3.034559008917188e-06
date_quarter_ratio_lag_12,2.9369368510649888e-06
date_week_ratio,2.9266488939264405e-06
bio_age_5_17_ratio,2.8580664804240994e-06
pincode_ratio_rolling_std_lag_3,2.837899781953828e-06
bio_age_5_17_ema,2.832649227254026e-06
date_week_ratio_rolling_mean_lag_12,2.790872941949612e-06
state_rank_ratio_rolling_mean_lag_3,2.7675036508057165e-06
date_week_ratio_rolling_mean_ema,2.7562068192319746e-06
district_record_count_ratio_rolling_std_lag_12,2.710282728570398e-06
date_month_rolling_mean_lag_6,2.6193598615984464e-06
district_record_count_ratio_rolling_mean_lag_12,2.5872739367285467e-06
pincode_ratio_lag_6,2.5840455386392265e-06
state_rank_ratio_rolling_std_lag_1,2.5375234533975783e-06
date_week_rolling_mean_lag_1,2.5339510225264642e-06
date_month_rolling_mean,2.5273024598248755e-06
date_quarter_lag_6,2.51525330139718e-06
state_record_count,2.5060383774278486e-06
date_quarter_lag_12,2.4882043338999696e-06
pincode_rolling_mean_ema,2.4782609131134817e-06
date_month_ratio_ema,2.462456909080703e-06
date_month_ratio_rolling_std_lag_1,2.4488714548992567e-06
state_record_count_lag_3,2.4201963442779827e-06
district_rank_lag_6,2.3451855417271163e-06
district_rank,2.3314068931847855e-06
bio_age_17__rolling_std_lag_3,2.326708761642229e-06
bio_age_17__ratio_lag_12,2.3150339177498774e-06
state_record_count_ratio_rolling_std_ema,2.3119810885464735e-06
date_week_lag_1,2.300426904933009e-06
date_week_rolling_mean_lag_3,2.2696696988036306e-06
state_record_count_ratio_rolling_std_lag_6,2.26031404252514e-06
pincode_ratio_rolling_std_ema,2.160258654603357e-06
date_year_ratio_rolling_std_lag_12,2.1582987976142763e-06
pincode_rolling_std_ema,2.1444633454083778e-06
date_week_lag_3,2.1108005214374174e-06
date_day_ratio_rolling_mean_lag_3,2.106017517500004e-06
date_year_ratio_rolling_mean_ema,2.0663652416029628e-06
bio_age_17__lag_12,2.0525083268521047e-06
bio_age_17__ratio_rolling_std_lag_6,2.0092584507085784e-06
date_quarter_rolling_mean_lag_6,2.007251770397947e-06
date_month_lag_1,1.9695299321350523e-06
bio_age_5_17_ratio_rolling_std,1.966525481580607e-06
pincode_ratio_rolling_std_lag_1,1.9420669407047216e-06
date_week,1.91239638636494e-06
state_record_count_rolling_std_lag_6,1.8674668174312756e-06
district_record_count_ratio_rolling_std_ema,1.8341235791247025e-06
bio_age_17__ratio_rolling_mean_lag_12,1.7626980333534476e-06
pincode_ratio_rolling_std,1.7477313463395582e-06
date_day_ratio_lag_1,1.7213017007160899e-06
date_week_ratio_lag_1,1.6268034940345897e-06
date_quarter_ratio_rolling_std,1.6168872047949505e-06
date_year_ratio_rolling_std_ema,1.5887636473689609e-06
state_record_count_ratio_ema,1.5816544293797876e-06
district_record_count_lag_6,1.5421408493121984e-06
pincode_rolling_std_lag_3,1.5092603915318072e-06
bio_age_17_,1.4697122883753728e-06
bio_age_17__rolling_mean_lag_1,1.3905499817492517e-06
date_week_ratio_rolling_std_ema,1.3581690655501584e-06
date_year_ratio_rolling_mean,1.3269156836975138e-06
bio_age_5_17_rolling_std,1.3153067433996038e-06
date_quarter_ratio_rolling_mean,1.3125839328987713e-06
pincode_rolling_mean,1.2875689545538308e-06
date_week_ratio_rolling_std_lag_12,1.2582271855170055e-06
district_rank_lag_1,1.216375603451522e-06
date_month_ratio_lag_1,1.1843241174032787e-06
bio_age_17__ratio_lag_3,1.179151199281924e-06
bio_age_5_17_rolling_mean_ema,1.1410455764863137e-06
bio_age_5_17_ratio_ema,1.1301702815811329e-06
date_month_ratio_rolling_std_ema,1.1175375349910329e-06
bio_age_17__ratio_rolling_std_ema,1.1055889046408692e-06
bio_age_5_17_ratio_rolling_std_lag_6,1.1041470486493608e-06
pincode_ratio_rolling_mean_lag_12,1.0873374084255459e-06
state_rank_lag_12,1.0859400196085678e-06
date_quarter_ratio_rolling_std_lag_12,1.0816033269258118e-06
pincode_rolling_std,1.0804069717950288e-06
state_record_count_ratio_lag_6,1.065127250560023e-06
bio_age_17__lag_6,1.063724204220252e-06
bio_age_17__rolling_mean_lag_12,1.0118653241418835e-06
district_record_count_rolling_mean_lag_1,9.876598325255558e-07
date_year_ratio_rolling_std,9.80920247441215e-07
state_rank_ratio_rolling_std,9.762332652651818e-07
state_rank_rolling_mean_lag_1,9.676399881239451e-07
pincode_rolling_mean_lag_1,9.382559659010848e-07
state_record_count_rolling_mean_lag_3,9.319550589449983e-07
bio_age_5_17_rolling_std_lag_1,9.26670026186438e-07
district_record_count_ratio_lag_12,9.262741647656101e-07
state_record_count_ratio_lag_3,8.907560610913911e-07
bio_age_5_17_ratio_rolling_mean_lag_12,8.433083030632069e-07
bio_age_5_17_ratio_lag_6,8.322472433614007e-07
district_record_count_ratio_lag_6,8.255847550408299e-07
state_rank_ratio_rolling_mean_lag_1,8.170825435717213e-07
district_record_count_rolling_mean_ema,7.454705176992912e-07
date_quarter_ratio_lag_1,7.279186101050006e-07
pincode_ratio_rolling_mean_lag_6,7.037500956407262e-07
date_quarter_ratio_ema,7.001802821447747e-07
pincode_ratio_rolling_mean_lag_1,6.909860541734506e-07
date_quarter_ratio_rolling_mean_lag_3,6.819085769639736e-07
bio_age_5_17_ratio_rolling_std_lag_3,6.789283140927858e-07
district_record_count_rolling_mean,6.75001608108507e-07
district_record_count_ratio_rolling_std_lag_3,6.676650981985143e-07
bio_age_5_17_ratio_rolling_mean_lag_6,6.483202635904611e-07
state_record_count_lag_1,6.420455696382574e-07
pincode_ratio_rolling_std_lag_12,6.367979406552484e-07
state_rank_ratio_lag_3,6.245112332442507e-07
date_week_ratio_lag_3,6.094564924500537e-07
date_day_ratio_lag_3,5.957601903717248e-07
district_record_count_ratio_rolling_std_lag_1,5.862173593371206e-07
date_year_ratio_lag_1,5.579907417893824e-07
state_record_count_rolling_mean_lag_6,5.538649021006698e-07
state_record_count_rolling_mean_lag_1,5.315152594867955e-07
date_week_ratio_rolling_std_lag_1,5.211942998630006e-07
date_year_ratio_lag_3,4.923404455441362e-07
date_month_ratio_lag_6,4.804355952434278e-07
bio_age_17__lag_1,4.746497810292891e-07
state_record_count_ratio_rolling_mean_lag_3,4.523472862070639e-07
state_rank_lag_6,4.44949237990506e-07
date_month_ratio_rolling_mean_lag_1,4.379065726786871e-07
pincode_lag_6,4.3401458139920287e-07
bio_age_5_17_lag_12,4.225578407187031e-07
date_day_ratio_rolling_std_lag_6,4.2241639072825603e-07
state_record_count_rolling_std_ema,3.7473228425383586e-07
bio_age_17__rolling_std_lag_1,3.7454979331046555e-07
date_quarter_ratio_rolling_mean_lag_1,3.6419658364220274e-07
district_record_count_ratio_rolling_std,3.548389172805283e-07
bio_age_17__rolling_std_lag_12,3.546059390241124e-07
date_month_ratio,3.5130300352725193e-07
date_week_ratio_lag_12,3.509830824645613e-07
district_record_count_rolling_std_lag_12,3.481129399321894e-07
district_record_count_ema,3.386621210281289e-07
state_record_count_rolling_std_lag_1,3.326132517676894e-07
date_year_ratio_rolling_std_lag_3,3.196560386021269e-07
date_week_ratio_rolling_mean_lag_1,3.1241138501756923e-07
bio_age_5_17_ratio_lag_12,3.1009319201597984e-07
district_record_count_rolling_std_lag_1,3.0714635852585607e-07
state_rank,3.0234369715835097e-07
bio_age_5_17_lag_1,2.977897122068332e-07
state_record_count_lag_12,2.888946546348195e-07
district_record_count_ratio_rolling_mean_ema,2.7059051820825424e-07
state_record_count_ratio_rolling_mean,2.6799149442182016e-07
date_week_ratio_lag_6,2.3530746543575988e-07
state_rank_rolling_mean_lag_12,2.241751108461415e-07
date_quarter_ratio_lag_3,2.178582851062898e-07
date_month_ratio_rolling_mean_lag_6,2.0751195145811747e-07
date_day_ratio_rolling_std_lag_1,2.07397407128606e-07
bio_age_17__ratio_rolling_mean,2.0082076282501727e-07
state_rank_ratio_rolling_std_lag_6,1.929503140742554e-07
state_record_count_rolling_mean_lag_12,1.9056442272953347e-07
date_year_ratio_rolling_mean_lag_6,1.9040927412798036e-07
bio_age_5_17_ratio_rolling_mean_lag_3,1.8463584539896552e-07
date_day_ratio_rolling_std_ema,1.620854323919286e-07
state_rank_rolling_std_ema,1.4116674054620937e-07
state_rank_rolling_std_lag_3,1.1194330673612376e-07
state_record_count_ratio_rolling_mean_lag_1,1.063376906785441e-07
bio_age_5_17_ratio_rolling_std_lag_12,1.0575978362153549e-07
bio_age_17__ratio_rolling_std_lag_1,9.356826439952274e-08
district_record_count_ratio_lag_3,9.29694929654323e-08
bio_age_5_17_rolling_mean,7.817443408277531e-08
bio_age_17__ratio_lag_1,7.366706029204092e-08
state_rank_ratio_rolling_mean_ema,6.55930522726974e-08
date_year_ratio,6.33902532275574e-08
state_record_count_rolling_std_lag_3,5.9499260081506625e-08
state_rank_rolling_mean_lag_6,5.906382665304604e-08
bio_age_5_17_ratio_rolling_mean,5.8850146448071933e-08
date_year_ratio_rolling_mean_lag_12,5.421272454414705e-08
district_record_count_ratio_rolling_mean_lag_6,4.7826285115869815e-08
date_quarter_ratio_lag_6,4.560661650509019e-08
date_week_ratio_rolling_std_lag_3,3.995077083094856e-08
state_rank_ratio_rolling_std_lag_3,3.59243824571566e-08
date_year_ratio_lag_12,3.590542195606562e-08
state_rank_rolling_std_lag_1,3.518072228700543e-08
state_record_count_ratio_rolling_mean_lag_6,3.159422191706033e-08
date_year_ratio_ema,2.7175419764849064e-08
date_week_ratio_rolling_mean_lag_3,2.558845565034385e-08
bio_age_17__rolling_mean_lag_6,2.4122395624836415e-08
pincode_rolling_std_lag_6,2.3096984669253685e-08
date_month_ratio_lag_12,2.0698108583655417e-08
date_month_ratio_rolling_std_lag_12,2.0508863439623905e-08
date_week_ratio_rolling_mean_lag_6,1.91716950530386e-08
date_day_ratio_rolling_std_lag_12,1.906084512534851e-08
date_week_ratio_ema,1.6876235164330636e-08
date_day_ratio_lag_6,1.590762574509708e-08
state_record_count_ratio_lag_1,1.4899183252641948e-08
bio_age_17__ratio,1.3878635966715441e-08
district_record_count_lag_12,1.2871501988610998e-08
bio_age_17__rolling_std,1.1961494206929127e-08
date_quarter_ratio_rolling_mean_lag_6,1.1790942380352466e-08
date_quarter_ratio_rolling_mean_ema,1.1355856171371724e-08
date_week_ratio_rolling_mean,8.519629968224547e-09
bio_age_5_17_rolling_mean_lag_6,8.258993698956025e-09
bio_age_17__ratio_lag_6,7.78132350636361e-09
bio_age_17__rolling_mean_lag_3,5.740240736540032e-09
bio_age_17__rolling_mean_ema,5.733442006487343e-09
bio_age_17__ratio_rolling_mean_ema,4.192537308975644e-09
bio_age_17__ratio_rolling_std_lag_12,3.1564063383911628e-09
district_record_count_ratio_ema,2.9511618681399965e-09
bio_age_17__ratio_rolling_mean_lag_1,2.4593141064002557e-09
bio_age_17__rolling_std_ema,1.3955815445350137e-09
bio_age_5_17_ratio_rolling_mean_ema,1.1261821751401385e-09
bio_age_5_17_lag_6,1.1106073266940563e-09
date_day_ratio_rolling_std_lag_3,8.515926076476196e-10
state_rank_lag_1,6.239261347864937e-10
bio_age_5_17_rolling_mean_lag_12,5.388170455876534e-10
district_record_count_rolling_std_lag_3,3.9557733753419644e-10
bio_age_5_17_ratio_rolling_mean_lag_1,2.100923232554758e-10
state_record_count_ratio_rolling_std_lag_1,1.4143897094803081e-10
date_year,0.0
date_month_rolling_std,0.0
minimum_activity,0.0
date_year_rolling_mean,0.0
date_day,0.0
date_year_rolling_mean_lag_1,0.0
date_month_rolling_std_lag_6,0.0
date_year_rolling_std,0.0
date_year_rolling_std_lag_12,0.0
date_year_rolling_mean_lag_3,0.0
date_year_rolling_mean_lag_6,0.0
date_month,0.0
date_month_rolling_std_lag_3,0.0
date_month_rolling_mean_lag_1,0.0
date_quarter,0.0
district_rank_lag_12,0.0
date_quarter_rolling_mean,0.0
date_year_rolling_mean_ema,0.0
date_year_rolling_std_lag_1,0.0
date_year_rolling_std_lag_3,0.0
date_year_rolling_std_lag_6,0.0
date_year_rolling_std_ema,0.0
date_year_rolling_mean_lag_12,0.0
date_day_ema,0.0
date_month_rolling_std_lag_12,0.0
date_quarter_rolling_std,0.0
date_day_rolling_mean_lag_12,0.0
date_day_rolling_mean_ema,0.0
date_day_rolling_std_lag_1,0.0
date_day_rolling_std_lag_3,0.0
date_day_rolling_std_lag_6,0.0
date_day_rolling_std_lag_12,0.0
bio_age_17__lag_3,0.0
date_day_rolling_std_ema,0.0
date_year_lag_1,0.0
date_year_lag_3,0.0
date_year_lag_6,0.0
date_year_lag_12,0.0
date_year_ema,0.0
bio_age_5_17_ratio_rolling_std_lag_1,0.0
date_month_lag_3,0.0
date_month_lag_6,0.0
date_quarter_lag_3,0.0
state_record_count_rolling_std_lag_12,0.0
district_record_count_lag_3,0.0
state_rank_lag_3,0.0
date_week_lag_6,0.0
date_day_lag_1,0.0
date_day_lag_3,0.0
date_day_lag_6,0.0
state_rank_rolling_std_lag_12,0.0
date_day_lag_12,0.0
district_record_count_rolling_mean_lag_3,0.0
date_year_ratio_rolling_mean_lag_1,0.0
date_day_rolling_mean_lag_6,0.0
date_year_ratio_rolling_std_lag_1,0.0
date_quarter_rolling_std_lag_6,0.0
date_month_rolling_std_ema,0.0
date_week_rolling_mean,0.0
date_week_rolling_std,0.0
date_day_rolling_std,0.0
state_rank_rolling_std,0.0
district_record_count_rolling_std,0.0
date_quarter_rolling_mean_lag_1,0.0
date_quarter_rolling_mean_lag_3,0.0
date_quarter_rolling_mean_lag_12,0.0
date_quarter_rolling_std_lag_1,0.0
date_quarter_rolling_std_lag_3,0.0
bio_age_17__ratio_rolling_std,0.0
date_quarter_rolling_std_lag_12,0.0
date_day_rolling_mean_lag_3,0.0
date_quarter_rolling_std_ema,0.0
date_quarter_ratio_rolling_std_lag_3,0.0
date_quarter_ratio_rolling_std_lag_1,0.0
date_month_ratio_rolling_std,0.0
date_week_rolling_std_lag_1,0.0
date_week_rolling_std_lag_3,0.0
date_month_ratio_rolling_std_lag_3,0.0
date_week_rolling_std_lag_6,0.0
date_day_ratio_rolling_std,0.0
date_week_rolling_std_lag_12,0.0
date_week_rolling_std_ema,0.0
date_day_rolling_mean_lag_1,0.0
date_month_rolling_std_lag_1,0.0
